{
  "Ansi 7 Color (Light)" : {
    "Red Component" : 0.22352941176470589,
    "Color Space" : "P3",
    "Blue Component" : 0.22352941176470589,
    "Alpha Component" : 1,
    "Green Component" : 0.22352941176470589
  },
  "Ansi 15 Color (Light)" : {
    "Red Component" : 0.22352941176470589,
    "Color Space" : "P3",
    "Blue Component" : 0.22352941176470589,
    "Alpha Component" : 1,
    "Green Component" : 0.22352941176470589
  },
  "Ansi 2 Color (Light)" : {
    "Red Component" : 0.058823529411764705,
    "Color Space" : "P3",
    "Blue Component" : 0.99607843137254903,
    "Alpha Component" : 1,
    "Green Component" : 0.3843137254901961
  },
  "Bold Color" : {
    "Red Component" : 0.062745101749897003,
    "Color Space" : "sRGB",
    "Blue Component" : 0.062745101749897003,
    "Alpha Component" : 1,
    "Green Component" : 0.062745101749897003
  },
  "Ansi 1 Color (Dark)" : {
    "Red Component" : 0.23921568627450981,
    "Color Space" : "P3",
    "Blue Component" : 0.85098039215686272,
    "Alpha Component" : 1,
    "Green Component" : 0.85882352941176465
  },
  "Use Bright Bold" : true,
  "Ansi 9 Color (Light)" : {
    "Red Component" : 1,
    "Color Space" : "P3",
    "Blue Component" : 0.71372549019607845,
    "Alpha Component" : 1,
    "Green Component" : 0.49411764705882355
  },
  "Ansi 8 Color (Dark)" : {
    "Red Component" : 0.34509803921568627,
    "Color Space" : "P3",
    "Blue Component" : 0.34509803921568627,
    "Alpha Component" : 1,
    "Green Component" : 0.34509803921568627
  },
  "Background Color" : {
    "Red Component" : 0.97999999999999998,
    "Color Space" : "sRGB",
    "Blue Component" : 0.97999999999999998,
    "Alpha Component" : 1,
    "Green Component" : 0.97999999999999998
  },
  "Columns" : 80,
  "Ansi 8 Color" : {
    "Red Component" : 0.40781760215759277,
    "Color Space" : "sRGB",
    "Blue Component" : 0.4078223705291748,
    "Alpha Component" : 1,
    "Green Component" : 0.40782788395881653
  },
  "Badge Text" : "",
  "Right Option Key Sends" : 0,
  "Ansi 4 Color (Light)" : {
    "Red Component" : 0.25882352941176473,
    "Color Space" : "P3",
    "Blue Component" : 0.396078431372549,
    "Alpha Component" : 1,
    "Green Component" : 0.74509803921568629
  },
  "Blinking Cursor" : false,
  "Selected Text Color (Light)" : {
    "Red Component" : 0.94901960784313721,
    "Color Space" : "P3",
    "Blue Component" : 0.97254901960784312,
    "Alpha Component" : 1,
    "Green Component" : 0.95686274509803926
  },
  "Selected Text Color (Dark)" : {
    "Red Component" : 0.086274509803921567,
    "Color Space" : "P3",
    "Blue Component" : 0.086274509803921567,
    "Alpha Component" : 1,
    "Green Component" : 0.086274509803921567
  },
  "Cursor Type" : 2,
  "Keyboard Map" : {

  },
  "Ansi 3 Color (Dark)" : {
    "Red Component" : 0.93333333333333335,
    "Color Space" : "P3",
    "Blue Component" : 0.58823529411764708,
    "Alpha Component" : 1,
    "Green Component" : 0.32549019607843138
  },
  "Visual Bell" : true,
  "Cursor Text Color" : {
    "Red Component" : 1,
    "Color Space" : "sRGB",
    "Blue Component" : 1,
    "Alpha Component" : 1,
    "Green Component" : 1
  },
  "Scrollback Lines" : 1000,
  "Selection Color (Light)" : {
    "Red Component" : 0.32156862745098042,
    "Color Space" : "P3",
    "Blue Component" : 0.32156862745098042,
    "Alpha Component" : 1,
    "Green Component" : 0.32156862745098042
  },
  "Ansi 0 Color" : {
    "Red Component" : 0.078431375324726105,
    "Color Space" : "sRGB",
    "Blue Component" : 0.11764705926179886,
    "Alpha Component" : 1,
    "Green Component" : 0.098039217293262482
  },
  "Match Background Color (Dark)" : {
    "Red Component" : 0.22352941176470589,
    "Color Space" : "P3",
    "Blue Component" : 0.22352941176470589,
    "Alpha Component" : 1,
    "Green Component" : 0.22352941176470589
  },
  "Ansi 11 Color (Light)" : {
    "Red Component" : 1,
    "Color Space" : "P3",
    "Blue Component" : 0,
    "Alpha Component" : 1,
    "Green Component" : 0.43529411764705883
  },
  "Ansi 5 Color (Dark)" : {
    "Red Component" : 0.74509803921568629,
    "Color Space" : "P3",
    "Blue Component" : 1,
    "Alpha Component" : 1,
    "Green Component" : 0.58431372549019611
  },
  "Cursor Text Color (Light)" : {
    "Red Component" : 1,
    "Color Space" : "sRGB",
    "Blue Component" : 1,
    "Alpha Component" : 1,
    "Green Component" : 1
  },
  "Silence Bell" : false,
  "Rows" : 23,
  "Draw Powerline Glyphs" : false,
  "Guid" : "0AC8DBD3-9586-4BD6-BE50-BE4DE80D68C4",
  "Ansi 14 Color (Dark)" : {
    "Red Component" : 1,
    "Color Space" : "P3",
    "Blue Component" : 0.71372549019607845,
    "Alpha Component" : 1,
    "Green Component" : 0.49411764705882355
  },
  "Ansi 15 Color (Dark)" : {
    "Red Component" : 0.94901960784313721,
    "Color Space" : "P3",
    "Blue Component" : 0.97254901960784312,
    "Alpha Component" : 1,
    "Green Component" : 0.95686274509803926
  },
  "Ansi 0 Color (Dark)" : {
    "Red Component" : 0.086274509803921567,
    "Color Space" : "P3",
    "Blue Component" : 0.086274509803921567,
    "Alpha Component" : 1,
    "Green Component" : 0.086274509803921567
  },
  "Ambiguous Double Width" : false,
  "Option Key Sends" : 0,
  "Ansi 3 Color" : {
    "Red Component" : 0.78058648109436035,
    "Color Space" : "sRGB",
    "Blue Component" : 0,
    "Alpha Component" : 1,
    "Green Component" : 0.76959484815597534
  },
  "Use Custom Window Title" : false,
  "Window Type" : 0,
  "BM Growl" : true,
  "Prompt Before Closing 2" : false,
  "Command" : "",
  "Selected Text Color" : {
    "Red Component" : 0,
    "Color Space" : "sRGB",
    "Blue Component" : 0,
    "Alpha Component" : 1,
    "Green Component" : 0
  },
  "Custom Window Title" : "sss",
  "Ansi 14 Color (Light)" : {
    "Red Component" : 0.40392156862745099,
    "Color Space" : "P3",
    "Blue Component" : 0.71764705882352942,
    "Alpha Component" : 1,
    "Green Component" : 0.22745098039215686
  },
  "Cursor Guide Color (Dark)" : {
    "Red Component" : 0.37649588016392954,
    "Color Space" : "sRGB",
    "Blue Component" : 0.94099044799804688,
    "Alpha Component" : 0.25,
    "Green Component" : 0.80232617749205526
  },
  "ASCII Ligatures" : false,
  "Send Code When Idle" : false,
  "Ansi 6 Color" : {
    "Red Component" : 0,
    "Color Space" : "sRGB",
    "Blue Component" : 0.78166204690933228,
    "Alpha Component" : 1,
    "Green Component" : 0.77425903081893921
  },
  "Jobs to Ignore" : [
    "rlogin",
    "ssh",
    "slogin",
    "telnet"
  ],
  "Badge Color (Dark)" : {
    "Red Component" : 0.20000000000000001,
    "Color Space" : "P3",
    "Blue Component" : 1,
    "Alpha Component" : 0.5,
    "Green Component" : 0.69411764705882351
  },
  "Cursor Color" : {
    "Red Component" : 0,
    "Color Space" : "sRGB",
    "Blue Component" : 0,
    "Alpha Component" : 1,
    "Green Component" : 0
  },
  "Vertical Spacing" : 1,
  "Disable Window Resizing" : true,
  "Close Sessions On End" : true,
  "Selection Color (Dark)" : {
    "Red Component" : 0.22352941176470589,
    "Color Space" : "P3",
    "Blue Component" : 0.22352941176470589,
    "Alpha Component" : 1,
    "Green Component" : 0.22352941176470589
  },
  "Default Bookmark" : "No",
  "Foreground Color (Light)" : {
    "Red Component" : 0.22352941176470589,
    "Color Space" : "P3",
    "Blue Component" : 0.22352941176470589,
    "Alpha Component" : 1,
    "Green Component" : 0.22352941176470589
  },
  "Custom Command" : "No",
  "Background Color (Dark)" : {
    "Red Component" : 0.086274509803921567,
    "Color Space" : "P3",
    "Blue Component" : 0.086274509803921567,
    "Alpha Component" : 1,
    "Green Component" : 0.086274509803921567
  },
  "Ansi 9 Color" : {
    "Red Component" : 0.8659515380859375,
    "Color Space" : "sRGB",
    "Blue Component" : 0.45833224058151245,
    "Alpha Component" : 1,
    "Green Component" : 0.47524076700210571
  },